<?xml version="1.0" encoding="UTF-8"?>
<project-private xmlns="http://www.netbeans.org/ns/project-private/1">
    <editor-bookmarks xmlns="http://www.netbeans.org/ns/editor-bookmarks/2" lastBookmarkId="0"/>
    <open-files xmlns="http://www.netbeans.org/ns/projectui-open-files/2">
        <group>
            <file>file:/C:/Users/dampi/OneDrive/Escritorio/POO/FuncionesLambda-main/FuncionesLambda/src/funcioneslambda/MatrixUtils.java</file>
            <file>file:/C:/Users/dampi/OneDrive/Escritorio/POO/FuncionesLambda-main/FuncionesLambda/src/Interfaces/Matriz.java</file>
            <file>file:/C:/Users/dampi/OneDrive/Escritorio/POO/FuncionesLambda-main/FuncionesLambda/src/Interfaces/Diagonals.java</file>
            <file>file:/C:/Users/dampi/OneDrive/Escritorio/POO/FuncionesLambda-main/FuncionesLambda/src/Interfaces/FrameMatrizInversaVillacres.java</file>
            <file>file:/C:/Users/dampi/OneDrive/Escritorio/POO/FuncionesLambda-main/FuncionesLambda/src/Interfaces/MatrziTransp.java</file>
            <file>file:/C:/Users/dampi/OneDrive/Escritorio/POO/FuncionesLambda-main/FuncionesLambda/src/Interfaces/SumaMatrices.java</file>
            <file>file:/C:/Users/dampi/OneDrive/Escritorio/POO/FuncionesLambda-main/FuncionesLambda/src/Interfaces/MultiplicacionMatrices.java</file>
            <file>file:/C:/Users/dampi/OneDrive/Escritorio/POO/FuncionesLambda-main/FuncionesLambda/src/Interfaces/FrameMantill.java</file>
            <file>file:/C:/Users/dampi/OneDrive/Escritorio/POO/FuncionesLambda-main/FuncionesLambda/src/funcioneslambda/MatrizDiagonal.java</file>
            <file>file:/C:/Users/dampi/OneDrive/Escritorio/POO/FuncionesLambda-main/FuncionesLambda/src/funcioneslambda/Main.java</file>
            <file>file:/C:/Users/dampi/OneDrive/Escritorio/POO/FuncionesLambda-main/FuncionesLambda/src/Interfaces/Principal.java</file>
            <file>file:/C:/Users/dampi/OneDrive/Escritorio/POO/FuncionesLambda-main/FuncionesLambda/src/Interfaces/MatrizExponent.java</file>
        </group>
    </open-files>
</project-private>
